Player Name,Number_Identifier,games_played,goals,assists,points,Points.Per.Game,Hall.Of.Famer,X100..Games..Player.,X500..Games..Player.,X1000..Games..Player.,X500..Points,X1000..Points,Top15Pick,Cluster
Connor McDavid,1376,487,239,458,697,1.431211499,0,1,0,0,1,0,1,2
Kent Nilsson,9869,553,264,422,686,1.240506329,0,1,1,0,1,0,0,2
Pavel Bure,7208,702,437,342,779,1.10968661,1,1,1,0,1,0,0,2
Leon Draisaitl,1565,558,254,362,616,1.103942652,0,1,1,0,1,0,1,2
Nikita Kucherov,2183,562,246,370,616,1.096085409,0,1,1,0,1,0,0,2
Mike Rogers,10195,484,202,317,519,1.07231405,0,1,0,0,1,0,0,2
Mitchell Marner,1379,427,138,317,455,1.06557377,0,1,0,0,0,0,1,2
Ziggy Palffy,6667,684,329,384,713,1.042397661,0,1,1,0,1,0,0,2
Rick Martin,10637,685,384,317,701,1.023357664,0,1,1,0,1,0,1,2
Nathan MacKinnon,1752,638,242,406,648,1.015673981,0,1,1,0,1,0,1,2
John Gaudreau,2226,602,210,399,609,1.011627907,0,1,1,0,1,0,0,2
Charlie Simmer,10159,712,342,369,711,0.998595506,0,1,1,0,1,0,0,2
Guy Chouinard,10148,578,205,370,575,0.994809689,0,1,1,0,1,0,0,2
David Pastrnak,1587,510,240,264,504,0.988235294,0,1,1,0,1,0,0,2
Craig Janney,7806,760,188,563,751,0.988157895,0,1,1,0,1,0,1,2
Anton Stastny,9396,650,252,384,636,0.978461538,0,1,1,0,1,0,0,2
Anton Stastny,9613,650,252,384,636,0.978461538,0,1,1,0,1,0,0,2
Mats Naslund,9355,651,251,383,634,0.973886329,0,1,1,0,1,0,0,2
Cam Neely,8495,726,395,299,694,0.955922865,1,1,1,0,1,0,1,2
Paul MacLean,9538,719,324,349,673,0.936022253,0,1,1,0,1,0,0,2
Barry Pederson,9145,701,238,416,654,0.932952924,0,1,1,0,1,0,0,2
Aleksander Barkov,1753,596,220,333,553,0.927852349,0,1,1,0,1,0,1,2
Mike Bullard,9136,727,329,345,674,0.927097662,0,1,1,0,1,0,1,2
Jonathan Huberdeau,2131,671,198,415,613,0.913561848,0,1,1,0,1,0,1,2
Walt Poddubny,9214,468,184,238,422,0.901709402,0,1,0,0,0,0,0,2
Mark Scheifele,2135,642,230,347,577,0.898753894,0,1,1,0,1,0,1,2
Dale McCourt,9647,532,194,284,478,0.898496241,0,1,1,0,0,0,1,2
Jimmy Carson,7795,626,275,286,561,0.896166134,0,1,1,0,1,0,1,2
Alex Zhamnov,6948,807,249,470,719,0.890954151,0,1,1,0,1,0,0,2
Bengt-Ake Gustafsson,9489,629,195,359,554,0.880763116,0,1,1,0,1,0,0,2
Mark Stone,2481,541,179,297,476,0.879852126,0,1,1,0,0,0,0,2
Jason Allison,6167,552,154,331,485,0.878623188,0,1,1,0,0,0,0,2
Thomas Gradin,9852,677,209,384,593,0.875923191,0,1,1,0,1,0,0,2
Marc Savard,5769,807,207,499,706,0.874845105,0,1,1,0,1,0,0,2
Patrik Sundstrom,9287,679,219,369,588,0.865979381,0,1,1,0,1,0,0,2
Vladimir Tarasenko,2335,606,252,272,524,0.864686469,0,1,1,0,1,0,0,2
Taylor Hall,2321,761,248,409,657,0.863337714,0,1,1,0,1,0,1,2
Paul Reinhart,9332,648,133,426,559,0.862654321,0,1,1,0,1,0,1,2
Blaine Stoughton,10347,526,258,191,449,0.853612167,0,1,1,0,0,0,1,2
Tim Young,9944,629,195,341,536,0.852146264,0,1,1,0,1,0,0,2
Dan Quinn,8499,805,266,419,685,0.850931677,0,1,1,0,1,0,1,2
Wayne Babych,9439,519,192,246,438,0.843930636,0,1,1,0,0,0,1,2
Steve Vickers,10642,698,246,340,586,0.839541547,0,1,1,0,1,0,1,2
Syl Apps,11009,727,183,423,606,0.833562586,1,1,1,0,1,0,0,2
Pierre Mondou,9943,548,194,262,456,0.832116788,0,1,1,0,0,0,1,2
Tyler Seguin,2322,825,305,381,686,0.831515152,0,1,1,0,1,0,1,2
Jim Fox,9137,578,186,293,479,0.828719723,0,1,1,0,0,0,1,2
Filip Forsberg,1952,566,220,249,469,0.828621908,0,1,1,0,0,0,1,2
Danny Gare,10149,827,354,331,685,0.828295042,0,1,1,0,1,0,0,2
Evgeny Kuznetsov,2345,599,153,343,496,0.828046745,0,1,1,0,0,0,0,2
Brian Sutter,9827,779,303,333,636,0.816431322,0,1,1,0,1,0,0,2
Rob Brown,7857,543,190,248,438,0.806629834,0,1,1,0,0,0,0,2
Eric Vail,10360,591,216,260,476,0.805414552,0,1,1,0,0,0,0,2
Ray Sheppard,8312,817,357,300,657,0.804161567,0,1,1,0,1,0,0,2
Tony Tanti,8952,697,287,273,560,0.803443329,0,1,1,0,1,0,1,2
Tom Fergus,9185,726,235,346,581,0.800275482,0,1,1,0,1,0,0,2
Alexander Semin,4004,650,239,278,517,0.795384615,0,1,1,0,1,0,1,2
Erik Karlsson,2713,838,153,507,660,0.787589499,0,1,1,0,1,0,1,2
Valeri Kamensky,7455,637,200,301,501,0.786499215,0,1,1,0,1,0,0,2
Craig Simpson,8029,634,247,250,497,0.783911672,0,1,1,0,0,0,1,2
Jeff Brown,8291,747,154,430,584,0.781793842,0,1,1,0,1,0,0,2
Gerard Gallant,9034,615,211,269,480,0.780487805,0,1,1,0,0,0,0,2
Marc Tardif,10845,517,194,207,401,0.775628627,0,1,1,0,0,0,1,2
John Anderson,9657,814,282,349,631,0.775184275,0,1,1,0,1,0,1,2
Gabriel Landeskog,2130,738,248,323,571,0.773712737,0,1,1,0,1,0,1,2
Carey Wilson,9191,552,169,258,427,0.773550725,0,1,1,0,0,0,0,2
Brian Bradley,8536,651,182,321,503,0.77265745,0,1,1,0,1,0,0,2
Bob MacMillan,10511,752,228,349,577,0.767287234,0,1,1,0,1,0,1,2
Pelle Eklund,8633,594,120,335,455,0.765993266,0,1,1,0,0,0,0,2
Alan Haworth,9407,524,189,211,400,0.763358779,0,1,1,0,0,0,0,2
Matt Duchene,2512,905,294,394,688,0.760220994,0,1,1,0,1,0,1,2
Steve Payne,9455,613,228,238,466,0.760195759,0,1,1,0,0,0,0,2
Mark Johnson,9706,669,203,305,508,0.759342302,0,1,1,0,1,0,0,2
Robert Reichel,7171,830,252,378,630,0.759036145,0,1,1,0,1,0,0,2
Reed Larson,9829,904,222,463,685,0.757743363,0,1,1,0,1,0,0,2
Max Pacioretty,2908,850,323,319,642,0.755294118,0,1,1,0,1,0,0,2
Martin Havlat,4790,790,242,352,594,0.751898734,0,1,1,0,1,0,0,2
Mika Zibanejad,2134,685,229,286,515,0.751824818,0,1,1,0,1,0,1,2
Stan Smyl,9475,896,262,411,673,0.751116071,0,1,1,0,1,0,0,2
Bill Derlago,9440,555,189,227,416,0.74954955,0,1,1,0,0,0,1,2
Logan Couture,2895,845,296,337,633,0.749112426,0,1,1,0,1,0,1,2
Petri Skriko,9081,541,183,222,405,0.748613678,0,1,1,0,0,0,0,2
Brian Mullen,9247,832,260,362,622,0.747596154,0,1,1,0,1,0,0,2
Keith Crowder,9373,662,223,271,494,0.746223565,0,1,1,0,0,0,0,2
Sylvain Turgeon,8489,669,269,226,495,0.739910314,0,1,1,0,0,0,1,2
Michael Nylander,6697,920,209,470,679,0.738043478,0,1,1,0,1,0,0,2
Derek King,8040,830,261,351,612,0.737349398,0,1,1,0,1,0,1,2
Don Maloney,9462,765,214,350,564,0.737254902,0,1,1,0,1,0,0,2
Dmitri Khristich,7446,811,259,337,596,0.734895191,0,1,1,0,1,0,0,2
Blake Dunlop,10357,550,130,274,404,0.734545455,0,1,1,0,0,0,0,2
Ryan Nugent-Hopkins,2129,719,196,332,528,0.734353268,0,1,1,0,1,0,1,2
Simon Gagne,5028,822,291,310,601,0.731143552,0,1,1,0,1,0,0,2
Petr Klima,8566,786,313,260,573,0.729007634,0,1,1,0,1,0,0,2
Michal Pivonka,8311,825,181,418,599,0.726060606,0,1,1,0,1,0,0,2
Craig Hartsburg,9326,570,98,315,413,0.724561404,0,1,1,0,0,0,1,2
Esa Tikkanen,8562,877,244,386,630,0.718358039,0,1,1,0,1,0,0,2
Morris Lukowich,9854,582,199,219,418,0.718213058,0,1,1,0,0,0,0,2
Ron Duguay,9659,864,274,346,620,0.717592593,0,1,1,0,1,0,1,2
Ryan O'Reilly,2541,938,240,432,672,0.71641791,0,1,1,0,1,0,0,2
Roman Josi,2732,760,140,402,542,0.713157895,0,1,1,0,1,0,0,2
Reggie Leach,10743,934,381,285,666,0.713062099,0,1,1,0,1,0,1,2
J.T. Miller,2143,637,169,285,454,0.712715856,0,1,1,0,0,0,1,2
Greg Malone,9826,704,191,310,501,0.711647727,0,1,1,0,1,0,0,2
Wendel Clark,8028,793,330,234,564,0.711223203,0,1,1,0,1,0,1,2
Derek Roy,4278,738,189,335,524,0.7100271,0,1,1,0,1,0,0,2
Sam Reinhart,1564,532,167,210,377,0.708646617,0,1,1,0,0,0,1,2
Mike Cammalleri,4295,906,294,348,642,0.708609272,0,1,1,0,1,0,0,2
T.J. Oshie,3286,900,271,364,635,0.705555556,0,1,1,0,1,0,0,2
Mark Napier,9656,767,235,306,541,0.705345502,0,1,1,0,1,0,1,2
Sean Monahan,1757,656,212,250,462,0.704268293,0,1,1,0,0,0,1,2
Mike Hoffman,2628,612,204,226,430,0.702614379,0,1,1,0,0,0,0,2
Alexander Radulov,3484,524,144,224,368,0.702290076,0,1,1,0,0,0,1,2
Mikael Renberg,6913,661,190,274,464,0.701966717,0,1,1,0,0,0,0,2
Teuvo Teravainen,1959,526,118,251,369,0.701520913,0,1,1,0,0,0,0,2
Yvon Lambert,10777,683,206,273,479,0.701317716,0,1,1,0,0,0,0,2
Tony McKegney,9467,912,320,319,639,0.700657895,0,1,1,0,1,0,0,2
Ian Turnbull,10354,628,123,317,440,0.700636943,0,1,1,0,0,0,1,2
Igor Larionov,8221,921,169,475,644,0.699239957,1,1,1,0,1,0,0,2
Gary Leeman,8731,667,199,267,466,0.698650675,0,1,1,0,0,0,0,2
Christian Ruuttu,8609,621,134,298,432,0.695652174,0,1,1,0,0,0,0,2
Peter Zezel,8527,873,219,388,607,0.695303551,0,1,1,0,1,0,0,2
Jordan Eberle,2719,858,262,333,595,0.693473193,0,1,1,0,1,0,0,2
Nazem Kadri,2516,739,219,293,512,0.692828146,0,1,1,0,1,0,1,2
Donald Audette,7276,735,260,249,509,0.692517007,0,1,1,0,1,0,0,2
Joe Juneau,7410,828,156,416,572,0.690821256,0,1,1,0,1,0,0,2
Kris Letang,3320,941,144,506,650,0.690754516,0,1,1,0,1,0,0,2
Chris Drury,5962,892,255,360,615,0.689461883,0,1,1,0,1,0,0,2
Aaron Broten,9228,748,186,329,515,0.688502674,0,1,1,0,1,0,0,2
Alex Frolov,4523,579,175,222,397,0.68566494,0,1,1,0,0,0,0,2
Mario Tremblay,10132,852,258,326,584,0.685446009,0,1,1,0,1,0,1,2
Jude Drouin,10973,666,151,305,456,0.684684685,0,1,1,0,0,0,0,2
Al MacAdam,10549,864,240,351,591,0.684027778,0,1,1,0,1,0,0,2
David Perron,2912,973,269,396,665,0.683453237,0,1,1,0,1,0,0,2
Jaden Schwartz,2333,597,162,246,408,0.683417085,0,1,1,0,0,0,1,2
Kristian Huselius,5284,662,190,261,451,0.681268882,0,1,1,0,0,0,0,2
Vincent Trocheck,2188,555,150,228,378,0.681081081,0,1,1,0,0,0,0,2
Keith Primeau,6879,909,266,353,619,0.680968097,0,1,1,0,1,0,1,2
Terry O'Reilly,10646,891,204,402,606,0.68013468,0,1,1,0,1,0,1,2
Ulf Dahlen,8034,966,301,354,655,0.67805383,0,1,1,0,1,0,1,2
Joe Murphy,7794,779,233,295,528,0.677792041,0,1,1,0,1,0,1,2
John Klingberg,2440,552,71,303,374,0.677536232,0,1,1,0,0,0,0,2
Terry Ruskowski,10189,629,113,313,426,0.677265501,0,1,1,0,0,0,0,2
Elias Lindholm,1756,663,181,268,449,0.677224736,0,1,1,0,0,0,1,2
Ales Hemsky,4261,845,174,398,572,0.676923077,0,1,1,0,1,0,1,2
Brayden Schenn,2514,776,219,305,524,0.675257732,0,1,1,0,1,0,1,2
Ondrej Palat,2318,628,143,280,423,0.673566879,0,1,1,0,0,0,0,2
Dennis Ververgaert,10344,583,176,216,392,0.67238422,0,1,1,0,0,0,1,2
Victor Hedman,2511,898,134,469,603,0.671492205,0,1,1,0,1,0,1,2
Nathan Horton,3731,627,203,218,421,0.671451356,0,1,1,0,0,0,1,2
Evander Kane,2513,812,286,259,545,0.671182266,0,1,1,0,1,0,1,2
Ryan Johansen,2324,787,177,350,527,0.669631512,0,1,1,0,1,0,1,2
Mike Murphy,10764,831,238,318,556,0.669073406,0,1,1,0,1,0,0,2
John Carlson,2724,887,132,461,593,0.66854566,0,1,1,0,1,0,0,2
John Tucker,8517,656,177,259,436,0.664634146,0,1,1,0,0,0,0,2
Eric Daze,6234,601,226,172,398,0.662229617,0,1,1,0,0,0,0,2
Tomas Hertl,1958,585,181,206,387,0.661538462,0,1,1,0,0,0,0,2
Patrick Sharp,4336,939,287,333,620,0.66027689,0,1,1,0,1,0,0,2
Mikael Granlund,2329,671,135,308,443,0.660208644,0,1,1,0,0,0,1,2
Adam Deadmarsh,6164,567,184,189,373,0.657848325,0,1,1,0,0,0,1,2
Bobby Ryan,3266,866,261,308,569,0.65704388,0,1,1,0,1,0,1,2
Errol Thompson,10761,599,208,185,393,0.656093489,0,1,1,0,0,0,0,2
Pat Flatley,8728,780,170,340,510,0.653846154,0,1,1,0,1,0,0,2
Mike Richards,3752,749,181,306,487,0.650200267,0,1,1,0,0,0,0,2
Al Secord,9452,766,273,223,496,0.647519582,0,1,1,0,0,0,0,2
Darren Turcotte,7901,635,195,216,411,0.647244094,0,1,1,0,0,0,0,2
Chris Kreider,2528,654,229,194,423,0.646788991,0,1,1,0,0,0,0,2
Cam Atkinson,2839,700,236,216,452,0.645714286,0,1,1,0,0,0,0,2
Glen Murray,6659,1009,337,314,651,0.645193261,0,1,1,1,1,0,0,2
Sandis Ozolinsh,6671,875,167,397,564,0.644571429,0,1,1,0,1,0,0,2
Valeri Bure,6433,621,174,226,400,0.644122383,0,1,1,0,0,0,0,2
Ryan Walter,9438,1003,264,382,646,0.644067797,0,1,1,1,1,0,1,2
Rejean Houle,10844,634,161,247,408,0.643533123,0,1,1,0,0,0,1,2
Brendan Morrison,6187,934,200,401,601,0.643468951,0,1,1,0,1,0,0,2
James Neal,3294,869,296,263,559,0.643268124,0,1,1,0,1,0,0,2
Sergei Samsonov,5250,888,235,336,571,0.643018018,0,1,1,0,1,0,1,2
Bo Horvat,1760,572,170,196,366,0.63986014,0,1,1,0,0,0,1,2
James van Riemsdyk,2888,879,288,274,562,0.639362912,0,1,1,0,1,0,1,2
Tom Kurvers,9069,659,93,328,421,0.638846737,0,1,1,0,0,0,0,2
Troy Murray,9182,915,230,354,584,0.638251366,0,1,1,0,1,0,0,2
Sean Couturier,2136,721,180,280,460,0.638002774,0,1,1,0,0,0,1,2
Randy Burridge,8169,706,199,251,450,0.637393768,0,1,1,0,0,0,0,2
Tyson Barrie,2570,683,95,340,435,0.636896047,0,1,1,0,0,0,0,2
Martin Rucinsky,6661,961,241,371,612,0.636836629,0,1,1,0,1,0,0,2
Doug Risebrough,10127,740,185,286,471,0.636486486,0,1,1,0,0,0,1,2
Tony Granato,8821,773,248,244,492,0.636481242,0,1,1,0,0,0,0,2
J.P. Dumont,5473,822,214,309,523,0.636253041,0,1,1,0,1,0,1,2
Shawn McEachern,7668,911,256,323,579,0.635565313,0,1,1,0,1,0,0,2
Jeff Skinner,2327,853,298,244,542,0.635404455,0,1,1,0,1,0,1,2
Walt McKechnie,11018,955,214,392,606,0.634554974,0,1,1,0,1,0,1,2
Mike Krushelnyski,9430,897,241,328,569,0.634336678,0,1,1,0,1,0,0,2
Dirk Graham,9402,772,219,270,489,0.633419689,0,1,1,0,0,0,0,2
Nelson Emerson,8067,771,195,293,488,0.632944228,0,1,1,0,0,0,0,2
Risto Siltanen,9591,562,90,265,355,0.631672598,0,1,1,0,0,0,0,2
Gerry Meehan,11033,670,180,243,423,0.631343284,0,1,1,0,0,0,0,2
Brent Ashton,9346,998,284,345,629,0.630260521,0,1,1,0,1,0,0,2
Benoit Hogue,8058,863,222,321,543,0.629200463,0,1,1,0,1,0,0,2
Pat Hickey,10369,644,192,212,404,0.627329193,0,1,1,0,0,0,0,2
Anson Carter,6603,674,202,219,421,0.62462908,0,1,1,0,0,0,0,2
Jacques Richard,10499,556,160,187,347,0.624100719,0,1,1,0,0,0,1,2
Darcy Rota,10352,794,256,239,495,0.623425693,0,1,1,0,0,0,1,2
Tomas Jonsson,9345,552,85,259,344,0.623188406,0,1,1,0,0,0,0,2
Billy Harris,10498,897,231,327,558,0.622073579,0,1,1,0,1,0,1,2
Ron Greschner,10152,981,179,431,610,0.621814475,0,1,1,0,1,0,0,2
Craig Laughlin,9788,549,136,205,341,0.621129326,0,1,1,0,0,0,0,2
Kyle Okposo,3084,909,219,345,564,0.620462046,0,1,1,0,1,0,1,2
Mike Comrie,4845,589,168,197,365,0.619694397,0,1,1,0,0,0,0,2
Rickard Rakell,2158,569,158,194,352,0.618629174,0,1,1,0,0,0,0,2
Martin Erat,4933,881,176,369,545,0.61861521,0,1,1,0,1,0,0,2
Don Luce,10970,894,225,328,553,0.618568233,0,1,1,0,1,0,1,2
Tim Connolly,4771,697,131,300,431,0.618364419,0,1,1,0,0,0,1,2
Bryan Little,3088,843,217,304,521,0.618030842,0,1,1,0,1,0,1,2
Derek Stepan,2745,817,177,327,504,0.616891065,0,1,1,0,1,0,0,2
Gustav Nyquist,2807,652,164,237,401,0.615030675,0,1,1,0,0,0,0,2
Johan Franzen,3558,602,187,183,370,0.61461794,0,1,1,0,0,0,0,2
Brad Boyes,4527,822,211,294,505,0.614355231,0,1,1,0,1,0,0,2
Patric Hornqvist,3471,879,263,277,540,0.614334471,0,1,1,0,1,0,0,2
Anders Lee,2646,596,212,154,366,0.61409396,0,1,1,0,0,0,0,2
Curt Fraser,9458,704,193,239,432,0.613636364,0,1,1,0,0,0,0,2
Dan Maloney,10753,737,192,259,451,0.611940299,0,1,1,0,0,0,1,2
Mark Hunter,8948,628,213,171,384,0.611464968,0,1,1,0,0,0,1,2
Andrei Kovalenko,7011,620,173,206,379,0.611290323,0,1,1,0,0,0,0,2
Alex Steen,4015,1018,245,377,622,0.611001965,0,1,1,1,1,0,0,2
Andre Savard,10346,790,211,271,482,0.610126582,0,1,1,0,0,0,1,2
John Van Boxmeer,10510,588,84,274,358,0.608843537,0,1,1,0,0,0,1,2
Reilly Smith,2575,686,174,243,417,0.60787172,0,1,1,0,0,0,0,2
Tomas Plekanec,4315,1001,233,375,608,0.607392607,0,1,1,1,1,0,0,2
Maxim Afinogenov,5305,651,158,237,395,0.606758833,0,1,1,0,0,0,0,2
Jiri Hudler,4043,708,164,264,428,0.604519774,0,1,1,0,0,0,0,2
German Titov,6372,624,157,220,377,0.604166667,0,1,1,0,0,0,0,2
Dustin Byfuglien,3948,869,177,348,525,0.604142693,0,1,1,0,1,0,0,2
Jeff O'Neill,5900,821,237,259,496,0.604141291,0,1,1,0,0,0,1,2
Bob Bourne,10158,964,258,324,582,0.60373444,0,1,1,0,1,0,0,2
Tyler Toffoli,2365,651,193,200,393,0.603686636,0,1,1,0,0,0,0,2
Zarley Zalapski,7797,637,99,285,384,0.602825746,0,1,1,0,0,0,1,2
Yanic Perreault,6687,859,247,269,516,0.600698487,0,1,1,0,1,0,0,2
Michael Ryder,5204,806,237,247,484,0.600496278,0,1,1,0,0,0,0,2
Kevin Hayes,2343,553,137,195,332,0.600361664,0,1,1,0,0,0,0,2
Pierre-Marc Bouchard,3999,593,110,246,356,0.600337268,0,1,1,0,0,0,1,2
Brad Maxwell,9653,613,98,270,368,0.600326264,0,1,1,0,0,0,1,2
Ray Neufeld,9394,595,157,200,357,0.6,0,1,1,0,0,0,0,2
Pat Boutette,10620,756,171,282,453,0.599206349,0,1,1,0,0,0,0,2
Joffrey Lupul,3998,701,205,215,420,0.59914408,0,1,1,0,0,0,1,2
Viktor Kozlov,6157,897,198,339,537,0.598662207,0,1,1,0,1,0,1,2
Behn Wilson,9442,601,98,261,359,0.59733777,0,1,1,0,0,0,1,2
Brendan Gallagher,2454,638,194,187,381,0.597178683,0,1,1,0,0,0,0,2
Milan Michalek,3734,747,208,238,446,0.597054886,0,1,1,0,0,0,1,2
Erik Cole,5073,892,265,267,532,0.596412556,0,1,1,0,1,0,0,2
Jim Peplinski,9388,711,161,263,424,0.596343179,0,1,1,0,0,0,0,2
Stefan Persson,10312,622,52,317,369,0.593247588,0,1,1,0,0,0,0,2
Jussi Jokinen,4418,951,191,372,563,0.592008412,0,1,1,0,1,0,0,2
Brandon Saad,2169,710,208,212,420,0.591549296,0,1,1,0,0,0,0,2
Nik Antropov,5018,788,193,272,465,0.590101523,0,1,1,0,0,0,1,2
Radim Vrbata,4950,1057,284,339,623,0.589403974,0,1,1,1,1,0,0,2
Wayne Merrick,10505,774,191,265,456,0.589147287,0,1,1,0,0,0,1,2
Alex Pietrangelo,2702,879,129,388,517,0.588168373,0,1,1,0,1,0,1,2
Jere Lehtinen,6485,875,243,271,514,0.587428571,0,1,1,0,1,0,0,2
Mariusz Czerkawski,6737,745,215,220,435,0.583892617,0,1,1,0,0,0,0,2
Loui Eriksson,3761,1050,253,360,613,0.583809524,0,1,1,1,1,0,0,2
David Backes,3789,965,248,313,561,0.58134715,0,1,1,0,1,0,0,2
Tomas Tatar,2567,701,191,216,407,0.580599144,0,1,1,0,0,0,0,2
Brenden Morrow,5265,991,265,310,575,0.580221998,0,1,1,0,1,0,0,2
Brian Gionta,5083,1026,291,304,595,0.579922027,0,1,1,1,1,0,0,2
Al Iafrate,8260,799,152,311,463,0.579474343,0,1,1,0,0,0,1,2
Bob Dailey,10349,561,94,231,325,0.579322638,0,1,1,0,0,0,1,2
Stephen Weiss,4254,732,156,267,423,0.577868852,0,1,1,0,0,0,1,2
Jeff Friesen,5905,893,218,298,516,0.577827548,0,1,1,0,1,0,1,2
Mark Osborne,9171,919,212,319,531,0.577801959,0,1,1,0,1,0,0,2
Andrei Markov,5156,990,119,453,572,0.577777778,0,1,1,0,1,0,0,2
Perry Turnbull,9322,608,188,163,351,0.577302632,0,1,1,0,0,0,1,2
Barry Beck,9648,615,104,251,355,0.577235772,0,1,1,0,0,0,1,2
Dick Redmond,10848,771,133,312,445,0.577172503,0,1,1,0,0,0,1,2
Curt Bennett,10933,580,152,182,334,0.575862069,0,1,1,0,0,0,0,2
Kyle Palmieri,2535,681,200,192,392,0.575624082,0,1,1,0,0,0,0,2
Ken Houston,10422,570,161,167,328,0.575438596,0,1,1,0,0,0,0,2
Ryan Strome,2133,621,130,227,357,0.574879227,0,1,1,0,0,0,1,2
Adam Henrique,2773,768,217,224,441,0.57421875,0,1,1,0,0,0,0,2
Brock Nelson,2348,676,205,182,387,0.572485207,0,1,1,0,0,0,0,2
Ryan Kesler,3751,1001,258,315,573,0.572427572,0,1,1,1,1,0,0,2
Tomas Kaberle,5654,984,87,476,563,0.572154472,0,1,1,0,1,0,0,2
Ryan Malone,4866,647,179,191,370,0.57187017,0,1,1,0,0,0,0,2
Laurie Boschman,9329,1009,229,348,577,0.57185332,0,1,1,1,1,0,1,2
Keith Acton,9532,1023,226,358,584,0.57086999,0,1,1,1,1,0,0,2
Morgan Rielly,1946,654,69,304,373,0.570336391,0,1,1,0,0,0,1,2
Steve Kasper,9205,821,177,291,468,0.570036541,0,1,1,0,0,0,0,2
Bob Nystrom,10529,900,235,278,513,0.57,0,1,1,0,1,0,0,2
Mike Green,3496,880,150,351,501,0.569318182,0,1,1,0,1,0,0,2
Adam Creighton,8497,708,187,216,403,0.56920904,0,1,1,0,0,0,1,2
Fredrik Olausson,8097,1022,147,434,581,0.568493151,0,1,1,1,1,0,0,2
Matt Moulson,3966,650,176,193,369,0.567692308,0,1,1,0,0,0,0,2
Shea Weber,3777,1038,224,365,589,0.56743738,0,1,1,1,1,0,0,2
Mike McEwen,9849,716,108,296,404,0.56424581,0,1,1,0,0,0,0,2
Moe Mantha,9150,656,81,289,370,0.56402439,0,1,1,0,0,0,0,2
Lubomir Visnovsky,4612,883,128,367,495,0.560588901,0,1,1,0,0,0,0,2
Pat Falloon,6643,575,143,179,322,0.56,0,1,1,0,0,0,1,2
P.K. Subban,2928,834,115,352,467,0.559952038,0,1,1,0,0,0,0,2
Jordan Staal,3079,1092,258,353,611,0.55952381,0,1,1,1,1,0,1,2
Drew Doughty,2700,1014,132,435,567,0.559171598,0,1,1,1,1,0,1,2
Josh Bailey,2707,993,176,379,555,0.558912387,0,1,1,0,1,0,1,2
Greg Polis,10746,615,174,169,343,0.557723577,0,1,1,0,0,0,1,2
Kris Versteeg,3594,643,149,209,358,0.556765163,0,1,1,0,0,0,0,2
Mike York,5368,579,127,195,322,0.556131261,0,1,1,0,0,0,0,2
Alex Killorn,2959,723,171,231,402,0.556016598,0,1,1,0,0,0,0,2
Jochen Hecht,5731,833,186,277,463,0.555822329,0,1,1,0,0,0,0,2
Dougie Hamilton,2137,669,115,256,371,0.554559043,0,1,1,0,0,0,1,2
Mark Streit,3703,786,96,338,434,0.55216285,0,1,1,0,0,0,0,2
Sami Kapanen,5766,831,189,269,458,0.551143201,0,1,1,0,0,0,0,2
Alex Galchenyuk,1944,643,146,208,354,0.550544323,0,1,1,0,0,0,1,2
Mike Ricci,6880,1099,243,362,605,0.550500455,0,1,1,1,1,0,1,2
Andrew Ladd,3475,1001,256,294,550,0.549450549,0,1,1,1,1,0,1,2
Derick Brassard,3083,951,202,320,522,0.548895899,0,1,1,0,1,0,1,2
Kyle Turris,2889,776,168,257,425,0.547680412,0,1,1,0,0,0,1,2
Jim McKenny,11029,604,82,247,329,0.544701987,0,1,1,0,0,0,0,2
Marcus Johansson,2533,753,144,263,407,0.540504648,0,1,1,0,0,0,0,2
Kevin Miller,8444,620,150,185,335,0.540322581,0,1,1,0,0,0,0,2
Rob Ramage,9321,1044,139,425,564,0.540229885,0,1,1,1,1,0,1,2
Stan Weir,10524,642,139,207,346,0.53894081,0,1,1,0,0,0,0,2
Michael Peca,6440,864,176,289,465,0.538194444,0,1,1,0,0,0,0,2
Jocelyn Guevremont,10635,571,84,223,307,0.53765324,0,1,1,0,0,0,1,2
Craig Conroy,6988,1009,182,360,542,0.53716551,0,1,1,1,1,0,0,2
Mike McPhee,9243,744,200,199,399,0.536290323,0,1,1,0,0,0,0,2
Mark Parrish,5543,722,216,171,387,0.53601108,0,1,1,0,0,0,0,2
Mike Fisher,5049,1104,278,311,589,0.533514493,0,1,1,1,1,0,0,2
Tiger Williams,10151,962,241,272,513,0.533264033,0,1,1,0,1,0,0,2
Brian Savage,6797,674,192,167,359,0.53264095,0,1,1,0,0,0,0,2
Travis Zajac,3488,1037,203,349,552,0.532304725,0,1,1,1,1,0,0,2
Brandon Dubinsky,3525,823,153,285,438,0.532199271,0,1,1,0,0,0,0,2
Alexandre Daigle,6152,616,129,198,327,0.530844156,0,1,1,0,0,0,1,2
Kevin Shattenkirk,2900,816,93,340,433,0.530637255,0,1,1,0,0,0,1,2
Steve Chiasson,8071,751,93,305,398,0.529960053,0,1,1,0,0,0,0,2
Lucien DeBlois,9654,993,249,276,525,0.528700906,0,1,1,0,1,0,1,2
Mikael Backlund,2910,826,166,270,436,0.527845036,0,1,1,0,0,0,0,2
Marty McInnis,7484,796,170,250,420,0.527638191,0,1,1,0,0,0,0,2
Bruce Driver,9035,922,96,390,486,0.527114967,0,1,1,0,0,0,0,2
Stu Barnes,7111,1136,261,336,597,0.525528169,0,1,1,1,1,0,1,2
Ric Seiling,9660,738,179,208,387,0.524390244,0,1,1,0,0,0,1,2
Willi Plett,10000,834,222,215,437,0.523980815,0,1,1,0,0,0,0,2
Dale Tallon,10742,642,98,238,336,0.523364486,0,1,1,0,0,0,1,2
Mike Sillinger,7118,1049,240,308,548,0.522402288,0,1,1,1,1,0,1,2
Sam Gagner,2892,967,184,321,505,0.522233713,0,1,1,0,1,0,1,2
Bryan Berard,5689,619,76,247,323,0.52180937,0,1,1,0,0,0,1,2
Bobby Lalonde,10649,641,124,210,334,0.521060842,0,1,1,0,0,0,0,2
Chris Gratton,6154,1092,214,354,568,0.52014652,0,1,1,1,1,0,1,2
Doug Sulliman,9333,631,160,168,328,0.519809826,0,1,1,0,0,0,1,2
Marco Sturm,5491,938,242,245,487,0.519189765,0,1,1,0,0,0,0,2
Tim Ecclestone,10998,692,126,233,359,0.518786127,0,1,1,0,0,0,1,2
Tomas Holmstrom,6125,1026,243,287,530,0.516569201,0,1,1,1,1,0,0,2
Steve Bozek,9177,641,164,167,331,0.516380655,0,1,1,0,0,0,0,2
Ron Stackhouse,10860,889,87,372,459,0.516310461,0,1,1,0,0,0,0,2
Milan Lucic,3121,1096,226,339,565,0.515510949,0,1,1,1,1,0,0,2
Kimmo Timonen,6371,1108,117,454,571,0.51534296,0,1,1,1,1,0,0,2
Lee Stempniak,3865,911,203,266,469,0.51481888,0,1,1,0,0,0,0,2
Fredrik Modin,5954,898,232,230,462,0.514476615,0,1,1,0,0,0,0,2
Wayne Simmonds,2943,1019,263,261,524,0.514229637,0,1,1,1,1,0,0,2
Mike Knuble,6711,1068,278,270,548,0.513108614,0,1,1,1,1,0,0,2
Radek Bonk,5898,969,194,303,497,0.512899897,0,1,1,0,0,0,1,2
Seth Jones,1755,658,70,267,337,0.512158055,0,1,1,0,0,0,1,2
Mike O'Connell,9967,860,105,335,440,0.511627907,0,1,1,0,0,0,0,2
Robert Svehla,6475,655,68,267,335,0.511450382,0,1,1,0,0,0,0,2
Frans Nielsen,4068,925,167,306,473,0.511351351,0,1,1,0,0,0,0,2
Johan Garpenlov,7874,609,114,197,311,0.510673235,0,1,1,0,0,0,0,2
Bob Murray,10171,1008,132,382,514,0.509920635,0,1,1,1,1,0,0,2
Ryan Callahan,3588,757,186,200,386,0.50990753,0,1,1,0,0,0,0,2
Tomas Fleischmann,4047,657,137,198,335,0.509893455,0,1,1,0,0,0,0,2
Drew Stafford,3483,841,196,232,428,0.508917955,0,1,1,0,0,0,1,2
Richard Zednik,6118,745,200,179,379,0.508724832,0,1,1,0,0,0,0,2
Doug Crossman,9423,914,105,359,464,0.507658643,0,1,1,0,0,0,0,2
Shawn Horcoff,5098,1008,186,325,511,0.506944444,0,1,1,1,1,0,0,2
Craig Smith,2599,789,191,207,398,0.504435995,0,1,1,0,0,0,0,2
R.J. Umberger,4264,779,180,212,392,0.503209243,0,1,1,0,0,0,0,2
Dave Ellett,8778,1129,153,415,568,0.503100089,0,1,1,1,1,0,0,2
Eric Desjardins,7601,1143,136,439,575,0.503062117,0,1,1,1,1,0,0,2
Nino Niederreiter,2325,732,181,187,368,0.50273224,0,1,1,0,0,0,1,2
Darcy Tucker,6287,947,215,261,476,0.502639916,0,1,1,0,0,0,0,2
Martin Hanzal,3280,673,127,211,338,0.502228826,0,1,1,0,0,0,0,2
Valtteri Filppula,4076,1056,197,333,530,0.501893939,0,1,1,1,1,0,0,2
Steve Konowalchuk,6696,790,171,225,396,0.501265823,0,1,1,0,0,0,0,2
Shawn Burr,8263,878,181,259,440,0.501138952,0,1,1,0,0,0,1,2
George Ferguson,10507,797,160,238,398,0.499372647,0,1,1,0,0,0,1,2
Marek Zidlicky,4404,836,89,328,417,0.498803828,0,1,1,0,0,0,0,2
Tim Higgins,9446,706,154,198,352,0.498583569,0,1,1,0,0,0,1,2
Jakob Silfverberg,2547,658,151,177,328,0.498480243,0,1,1,0,0,0,0,2
Kyle Calder,5362,590,114,180,294,0.498305085,0,1,1,0,0,0,0,2
Carl Soderberg,3514,597,110,187,297,0.497487437,0,1,1,0,0,0,0,2
Mathieu Perreault,3230,708,143,209,352,0.497175141,0,1,1,0,0,0,0,2
Pierre Plante,10641,599,125,172,297,0.495826377,0,1,1,0,0,0,1,2
Bill Clement,10757,719,148,208,356,0.495132128,0,1,1,0,0,0,0,2
Andrew McBain,8494,608,129,172,301,0.495065789,0,1,1,0,0,0,1,2
Mikael Samuelsson,5139,699,149,197,346,0.494992847,0,1,1,0,0,0,0,2
Tyler Ennis,2723,700,144,202,346,0.494285714,0,1,1,0,0,0,0,2
Valeri Zelepukin,7077,595,117,177,294,0.494117647,0,1,1,0,0,0,0,2
Doug Bodger,8265,1071,106,422,528,0.492997199,0,1,1,1,1,0,1,2
Antoine Vermette,4556,1046,228,287,515,0.492351816,0,1,1,1,1,0,0,2
Oliver Ekman-Larsson,2515,848,133,284,417,0.491745283,0,1,1,0,0,0,1,2
Charlie Coyle,2346,703,131,214,345,0.490753912,0,1,1,0,0,0,0,2
Andre St. Laurent,10387,644,129,187,316,0.49068323,0,1,1,0,0,0,0,2
Willie Huber,9445,655,104,217,321,0.490076336,0,1,1,0,0,0,1,2
Ron Sutter,8711,1093,205,330,535,0.4894785,0,1,1,1,1,0,1,2
Tony Hrkac,8287,758,132,239,371,0.48944591,0,1,1,0,0,0,0,2
Nick Foligno,3101,1021,205,294,499,0.488736533,0,1,1,1,0,0,0,2
Artem Anisimov,3125,771,180,196,376,0.48767834,0,1,1,0,0,0,0,2
Vladimir Malakhov,7284,712,86,260,346,0.485955056,0,1,1,0,0,0,0,2
Sergio Momesso,8513,710,152,193,345,0.485915493,0,1,1,0,0,0,0,2
Steve Heinze,7392,694,178,158,336,0.484149856,0,1,1,0,0,0,0,2
Dave Maloney,10134,657,71,246,317,0.482496195,0,1,1,0,0,0,1,2
Calle Johansson,8041,1109,119,416,535,0.482416592,0,1,1,1,1,0,1,2
Chris Stewart,3093,668,160,162,322,0.482035928,0,1,1,0,0,0,0,2
Jeff Norton,8314,799,52,332,384,0.480600751,0,1,1,0,0,0,0,2
Scott Walker,6262,829,151,246,397,0.478890229,0,1,1,0,0,0,0,2
Michal Handzus,5778,1009,185,298,483,0.478691774,0,1,1,1,0,0,0,2
Randy Cunneyworth,9280,866,189,225,414,0.478060046,0,1,1,0,0,0,0,2
Alexei Ponikarovsky,5087,678,139,184,323,0.47640118,0,1,1,0,0,0,0,2
Jyrki Lumme,7850,985,114,354,468,0.475126904,0,1,1,0,0,0,0,2
Dennis Wideman,4203,815,99,288,387,0.474846626,0,1,1,0,0,0,0,2
Dallas Drake,7211,1009,177,300,477,0.472745292,0,1,1,1,0,0,0,2
Dion Phaneuf,3737,1048,137,357,494,0.471374046,0,1,1,1,0,0,1,2
Tuomo Ruutu,4258,735,148,198,346,0.470748299,0,1,1,0,0,0,1,2
Robert Picard,9649,899,104,319,423,0.470522803,0,1,1,0,0,0,1,2
Greg Johnson,7139,785,145,224,369,0.470063694,0,1,1,0,0,0,0,2
Travis Green,7129,970,193,262,455,0.469072165,0,1,1,0,0,0,0,2
Chris Higgins,4005,711,165,168,333,0.46835443,0,1,1,0,0,0,1,2
Duane Sutter,9337,731,139,203,342,0.467852257,0,1,1,0,0,0,0,2
Steve Smith,9038,804,72,303,375,0.46641791,0,1,1,0,0,0,0,2
Brian Campbell,5387,1082,87,417,504,0.465804067,0,1,1,1,1,0,0,2
Niklas Sundstrom,6159,750,117,232,349,0.465333333,0,1,1,0,0,0,1,2
Bryan McCabe,6188,1135,145,383,528,0.465198238,0,1,1,1,1,0,0,2
Dean Evason,8791,803,139,233,372,0.463262765,0,1,1,0,0,0,0,2
Scott Arniel,8962,730,149,189,338,0.463013699,0,1,1,0,0,0,0,2
Mikkel Boedker,2706,709,118,209,327,0.461212976,0,1,1,0,0,0,1,2
Alex Goligoski,3526,996,85,374,459,0.460843373,0,1,1,0,0,0,0,2
Justin Faulk,2355,760,113,233,346,0.455263158,0,1,1,0,0,0,0,2
Patrik Berglund,3099,717,170,156,326,0.454672245,0,1,1,0,0,0,0,2
Sergei Nemchinov,7099,761,152,193,345,0.453350854,0,1,1,0,0,0,0,2
Niklas Kronwall,4532,953,83,349,432,0.453305352,0,1,1,0,0,0,0,2
Mario Marois,9703,956,76,357,433,0.45292887,0,1,1,0,0,0,0,2
Colin Wilson,2705,632,113,173,286,0.452531646,0,1,1,0,0,0,1,2
Greg Gilbert,9204,837,150,228,378,0.451612903,0,1,1,0,0,0,0,2
Cam Fowler,2331,811,81,285,366,0.451294698,0,1,1,0,0,0,1,2
Bob Sweeney,8823,639,125,163,288,0.450704225,0,1,1,0,0,0,0,2
Dean McAmmond,6663,996,186,262,448,0.449799197,0,1,1,0,0,0,0,2
Doug Halward,9942,653,69,224,293,0.448698315,0,1,1,0,0,0,1,2
Michael Frolik,3087,858,159,225,384,0.447552448,0,1,1,0,0,0,1,2
Jared Spurgeon,2838,772,99,246,345,0.446891192,0,1,1,0,0,0,0,2
Wade Redden,5690,1023,109,348,457,0.446725318,0,1,1,1,0,0,1,2
Andrei Nikolishin,6446,628,93,187,280,0.445859873,0,1,1,0,0,0,0,2
Jarret Stoll,4023,872,144,244,388,0.444954128,0,1,1,0,0,0,0,2
Jarret Stoll,4547,872,144,244,388,0.444954128,0,1,1,0,0,0,0,2
Oleg Tverdovsky,5897,713,77,240,317,0.444600281,0,1,1,0,0,0,1,2
Ed Jovanovski,5896,1128,137,363,500,0.443262411,0,1,1,1,1,0,1,2
Alexander Edler,3554,966,102,326,428,0.443064182,0,1,1,0,0,0,0,2
Tom Bladon,10519,610,73,197,270,0.442622951,0,1,1,0,0,0,0,2
John-Michael Liles,4651,836,87,283,370,0.442583732,0,1,1,0,0,0,0,2
Wayne Presley,8525,684,155,147,302,0.441520468,0,1,1,0,0,0,0,2
Larry Patey,10463,717,153,163,316,0.440725244,0,1,1,0,0,0,0,2
Craig MacTavish,9577,1093,213,267,480,0.43915828,0,1,1,1,0,0,0,2
Nick Bonino,3044,761,148,186,334,0.438896189,0,1,1,0,0,0,0,2
Trent Klatt,7183,782,143,200,343,0.438618926,0,1,1,0,0,0,0,2
Justin Schultz,2737,602,57,207,264,0.438538206,0,1,1,0,0,0,0,2
Robert Kron,8104,771,144,194,338,0.438391699,0,1,1,0,0,0,0,2
Kelly Miller,8882,1057,181,282,463,0.438032167,0,1,1,1,0,0,0,2
Joe Corvo,5319,708,92,218,310,0.437853107,0,1,1,0,0,0,0,2
Jason Woolley,7163,718,68,246,314,0.437325905,0,1,1,0,0,0,0,2
Brian Noonan,8651,629,116,159,275,0.437201908,0,1,1,0,0,0,0,2
Eric Belanger,5559,820,138,220,358,0.436585366,0,1,1,0,0,0,0,2
Bobby Gould,9749,697,145,159,304,0.43615495,0,1,1,0,0,0,0,2
Ted Donato,7656,796,150,197,347,0.435929648,0,1,1,0,0,0,0,2
Igor Korolev,6438,795,119,227,346,0.435220126,0,1,1,0,0,0,0,2
Lindy Ruff,9352,691,105,195,300,0.434153401,0,1,1,0,0,0,0,2
Alexei Zhitnik,6716,1085,96,375,471,0.434101382,0,1,1,1,0,0,0,2
Dave Hunter,9453,746,133,190,323,0.432975871,0,1,1,0,0,0,0,2
Bob Kelly,10769,837,154,208,362,0.432497013,0,1,1,0,0,0,0,2
Bob Gainey,10348,1160,239,262,501,0.431896552,1,1,1,1,1,0,1,2
Jake Muzzin,3015,679,69,224,293,0.431516937,0,1,1,0,0,0,0,2
Michael Grabner,3090,640,175,101,276,0.43125,0,1,1,0,0,0,1,2
Janne Niinimaa,6184,741,54,265,319,0.430499325,0,1,1,0,0,0,0,2
Ryan McDonagh,2898,783,71,266,337,0.430395913,0,1,1,0,0,0,1,2
Christian Ehrhoff,4346,789,74,265,339,0.429657795,0,1,1,0,0,0,0,2
Jake Gardiner,2715,645,49,228,277,0.429457364,0,1,1,0,0,0,0,2
Rasmus Ristolainen,1759,608,48,213,261,0.429276316,0,1,1,0,0,0,1,2
Boris Mironov,6428,716,76,231,307,0.42877095,0,1,1,0,0,0,0,2
Toby Enstrom,3942,719,54,254,308,0.42837274,0,1,1,0,0,0,0,2
Brooks Laich,4419,776,134,198,332,0.427835052,0,1,1,0,0,0,0,2
Bob Errey,8501,895,170,212,382,0.426815642,0,1,1,0,0,0,1,2
Troy Brouwer,3663,851,182,181,363,0.426556992,0,1,1,0,0,0,0,2
Nick Leddy,2525,851,68,292,360,0.423031727,0,1,1,0,0,0,0,2
Patrick Maroon,3032,649,112,162,274,0.422187982,0,1,1,0,0,0,0,2
Tom Wilson,1957,647,115,158,273,0.42194745,0,1,1,0,0,0,0,2
Gaetan Duchesne,9076,1028,179,254,433,0.421206226,0,1,1,1,0,0,0,2
Alain Cote,9687,696,103,190,293,0.420977011,0,1,1,0,0,0,0,2
Benoit Pouliot,3268,625,130,133,263,0.4208,0,1,1,0,0,0,1,2
John Marks,10926,657,112,163,275,0.418569254,0,1,1,0,0,0,1,2
Doug Jarvis,9951,964,139,264,403,0.418049793,0,1,1,0,0,0,0,2
Phil Russell,10509,1016,99,325,424,0.417322835,0,1,1,1,0,0,1,2
Todd Marchant,6299,1195,186,312,498,0.416736402,0,1,1,1,0,0,0,2
Brent Seabrook,3742,1114,103,361,464,0.416517056,0,1,1,1,0,0,1,2
Patrice Brisebois,7136,1009,98,322,420,0.416253717,0,1,1,1,0,0,0,2
Carl Hagelin,3039,713,110,186,296,0.415147265,0,1,1,0,0,0,0,2
Dan Cleary,5255,938,165,222,387,0.412579957,0,1,1,0,0,0,1,2
Matt Stajan,4042,1003,146,267,413,0.411764706,0,1,1,1,0,0,0,2
Bob Probert,8532,935,163,221,384,0.410695187,0,1,1,0,0,0,0,2
Nikolai Kulemin,3116,669,121,153,274,0.409566517,0,1,1,0,0,0,0,2
Raffi Torres,4509,635,137,123,260,0.409448819,0,1,1,0,0,0,1,2
Jannik Hansen,3726,626,109,147,256,0.408945687,0,1,1,0,0,0,0,2
Dave Scatchard,5933,659,128,141,269,0.408194234,0,1,1,0,0,0,0,2
Curtis Brown,5934,736,129,171,300,0.407608696,0,1,1,0,0,0,0,2
Rob Niedermayer,6156,1153,186,283,469,0.406764961,0,1,1,1,0,0,1,2
Jaroslav Spacek,5112,880,82,273,355,0.403409091,0,1,1,0,0,0,0,2
Stephen Leach,8289,702,130,153,283,0.403133903,0,1,1,0,0,0,0,2
Sergei Brylin,6442,765,129,179,308,0.402614379,0,1,1,0,0,0,0,2
Mark Hardy,9350,915,62,306,368,0.402185792,0,1,1,0,0,0,0,2
Philippe Boucher,6654,748,94,206,300,0.401069519,0,1,1,0,0,0,1,2
Jeff Petry,3117,803,87,235,322,0.400996264,0,1,1,0,0,0,0,2
Jiri Slegr,6897,622,56,193,249,0.400321543,0,1,1,0,0,0,0,2
Lars Eller,2899,870,153,195,348,0.4,0,1,1,0,0,0,1,2
T.J. Brodie,2801,772,53,255,308,0.398963731,0,1,1,0,0,0,0,2
Filip Kuba,5859,836,70,263,333,0.398325359,0,1,1,0,0,0,0,2
Pavel Kubina,5630,970,110,276,386,0.397938144,0,1,1,0,0,0,0,2
Tom Poti,5524,824,69,258,327,0.39684466,0,1,1,0,0,0,0,2
Michel Petit,8718,827,90,238,328,0.396614268,0,1,1,0,0,0,1,2
Sheldon Souray,5961,758,109,191,300,0.395778364,0,1,1,0,0,0,0,2
Darryl Sydor,6883,1291,98,409,507,0.392718823,0,1,1,1,1,0,1,2
Ron Wilson,9927,831,110,216,326,0.392298436,0,1,1,0,0,0,0,2
Igor Kravchuk,6707,699,64,210,274,0.391988555,0,1,1,0,0,0,0,2
Niklas Hagman,4829,770,147,154,301,0.390909091,0,1,1,0,0,0,0,2
Keith Brown,9327,876,68,274,342,0.390410959,0,1,1,0,0,0,1,2
Chris Simon,6899,782,144,161,305,0.390025575,0,1,1,0,0,0,0,2
Rob Zamuner,7148,798,139,172,311,0.389724311,0,1,1,0,0,0,0,2
Randy McKay,8129,932,162,201,363,0.389484979,0,1,1,0,0,0,0,2
Kenny Jonsson,6162,686,63,204,267,0.389212828,0,1,1,0,0,0,1,2
Petr Svoboda,8261,1028,58,341,399,0.388132296,0,1,1,1,0,0,1,2
Matt Carle,3775,730,45,238,283,0.387671233,0,1,1,0,0,0,0,2
Tyler Myers,2710,840,87,238,325,0.386904762,0,1,1,0,0,0,1,2
Sami Salo,5686,878,99,240,339,0.386104784,0,1,1,0,0,0,0,2
Uwe Krupp,8684,729,69,212,281,0.385459534,0,1,1,0,0,0,0,2
Brent Gilchrist,8095,792,135,170,305,0.38510101,0,1,1,0,0,0,0,2
Martin Lapointe,6651,991,181,200,381,0.384460141,0,1,1,0,0,0,1,2
Kim Johnsson,6151,739,67,217,284,0.384303112,0,1,1,0,0,0,0,2
Dave Reid,8765,961,165,204,369,0.383975026,0,1,1,0,0,0,0,2
Erik Johnson,3078,857,88,241,329,0.383897316,0,1,1,0,0,0,1,2
Derek Morris,5483,1107,92,332,424,0.383017164,0,1,1,1,0,0,1,2
Gordie Roberts,9697,1097,61,359,420,0.382862352,0,1,1,1,0,0,0,2
Doug Lidster,9251,897,75,268,343,0.38238573,0,1,1,0,0,0,0,2
Garry Monahan,11013,748,116,169,285,0.381016043,0,1,1,0,0,0,1,2
Matt Cooke,5376,1046,167,231,398,0.380497132,0,1,1,1,0,0,0,2
Darren McCarty,6445,758,127,161,288,0.37994723,0,1,1,0,0,0,0,2
Mattias Ekholm,2603,662,57,193,250,0.377643505,0,1,1,0,0,0,0,2
Mattias Ohlund,5907,909,93,250,343,0.377337734,0,1,1,0,0,0,1,2
Dan McGillis,6620,634,56,182,238,0.375394322,0,1,1,0,0,0,0,2
Brandon Sutter,2897,770,152,137,289,0.375324675,0,1,1,0,0,0,1,2
Matt Niskanen,3290,949,72,284,356,0.375131718,0,1,1,0,0,0,0,2
Jason Chimera,5355,1107,186,229,415,0.374887082,0,1,1,1,0,0,0,2
Gord Murphy,8197,862,85,238,323,0.374709977,0,1,1,0,0,0,0,2
Scottie Upshall,3997,759,138,146,284,0.374176548,0,1,1,0,0,0,1,2
Paul MacDermid,8997,690,116,142,258,0.373913043,0,1,1,0,0,0,0,2
Andrew Cogliano,3287,1140,174,252,426,0.373684211,0,1,1,1,0,0,0,2
Stephane Matteau,7591,848,144,172,316,0.372641509,0,1,1,0,0,0,0,2
Garry Howatt,10625,720,112,156,268,0.372222222,0,1,1,0,0,0,0,2
Sylvain Cote,8267,1171,122,313,435,0.37147737,0,1,1,1,0,0,1,2
Stew Gavin,9198,768,130,155,285,0.37109375,0,1,1,0,0,0,0,2
Marcus Foligno,2605,678,109,142,251,0.37020649,0,1,1,0,0,0,0,2
Andrej Meszaros,3491,645,63,175,238,0.368992248,0,1,1,0,0,0,0,2
Dmitry Orlov,2562,643,57,180,237,0.368584759,0,1,1,0,0,0,0,2
Paul Martin,4562,870,50,270,320,0.367816092,0,1,1,0,0,0,0,2
Blake Comeau,3512,909,141,193,334,0.367436744,0,1,1,0,0,0,0,2
Cody Eakin,2588,701,110,146,256,0.365192582,0,1,1,0,0,0,0,2
Dave Hannan,9116,841,114,191,305,0.362663496,0,1,1,0,0,0,0,2
Mike Hough,8880,707,100,156,256,0.362093352,0,1,1,0,0,0,0,2
Mike Grier,6344,1060,162,221,383,0.361320755,0,1,1,1,0,0,0,2
Rich Sutter,8717,874,149,166,315,0.360411899,0,1,1,0,0,0,1,2
Adrian Aucoin,6509,1108,121,278,399,0.360108303,0,1,1,1,0,0,0,2
P.J. Axelsson,5845,797,103,184,287,0.360100376,0,1,1,0,0,0,0,2
Matthew Barnaby,6480,834,113,187,300,0.35971223,0,1,1,0,0,0,0,2
Pat Price,9940,726,43,218,261,0.359504132,0,1,1,0,0,0,1,2
Alec Martinez,2974,686,76,170,246,0.358600583,0,1,1,0,0,0,0,2
Michael Del Zotto,2717,736,63,199,262,0.355978261,0,1,1,0,0,0,0,2
Paul Ranheim,8293,1013,161,199,360,0.355380059,0,1,1,1,0,0,0,2
Jim Schoenfeld,10502,719,51,204,255,0.354659249,0,1,1,0,0,0,1,2
Barry Gibbs,10958,797,58,224,282,0.353826851,0,1,1,0,0,0,1,2
Dave Manson,8038,1103,102,288,390,0.353581142,0,1,1,1,0,0,1,2
Todd Gill,8280,1007,82,272,354,0.351539225,0,1,1,1,0,0,0,2
Greg Smith,9980,829,56,232,288,0.347406514,0,1,1,0,0,0,0,2
Claude Lapointe,7551,879,127,178,305,0.34698521,0,1,1,0,0,0,0,2
Mikael Andersson,8274,761,95,169,264,0.346911958,0,1,1,0,0,0,0,2
Jaroslav Modry,7039,725,49,201,250,0.344827586,0,1,1,0,0,0,0,2
Paul Mara,5249,734,64,189,253,0.344686649,0,1,1,0,0,0,1,2
Chris Kelly,4847,845,123,168,291,0.344378698,0,1,1,0,0,0,0,2
Kevin Bieksa,4383,808,63,215,278,0.344059406,0,1,1,0,0,0,0,2
Kevin Lowe,9341,1254,84,347,431,0.343700159,1,1,1,1,0,0,0,2
Jay Bouwmeester,3994,1240,88,336,424,0.341935484,0,1,1,1,0,0,1,2
Grant Marshall,6424,700,92,147,239,0.341428571,0,1,1,0,0,0,0,2
Justin Abdelkader,3301,739,106,146,252,0.341001353,0,1,1,0,0,0,0,2
Tom Gilbert,4109,655,45,178,223,0.340458015,0,1,1,0,0,0,0,2
Sean Hill,7488,876,62,236,298,0.340182648,0,1,1,0,0,0,0,2
Steve Ott,4528,848,109,179,288,0.339622642,0,1,1,0,0,0,0,2
Shaun Van Allen,7663,794,84,185,269,0.338790932,0,1,1,0,0,0,0,2
Eric Weinrich,8055,1157,70,318,388,0.335350043,0,1,1,1,0,0,0,2
Marty Reasoner,5484,798,97,169,266,0.333333333,0,1,1,0,0,0,1,2
Todd Harvey,6160,671,91,132,223,0.332339791,0,1,1,0,0,0,1,2
Joe Cirella,8946,828,64,211,275,0.332125604,0,1,1,0,0,0,1,2
Rod Langway,9681,994,51,278,329,0.330985915,1,1,1,0,0,0,0,2
Brent Sopel,5814,659,44,174,218,0.330804249,0,1,1,0,0,0,0,2
Rick Lapointe,9934,664,44,175,219,0.329819277,0,1,1,0,0,0,1,2
Brad McCrimmon,9335,1222,81,322,403,0.329787234,0,1,1,1,0,0,1,2
Garry Valk,7666,777,100,156,256,0.329472329,0,1,1,0,0,0,0,2
Jim Dowd,7703,728,71,168,239,0.328296703,0,1,1,0,0,0,0,2
Darren Helm,3382,812,119,147,266,0.327586207,0,1,1,0,0,0,0,2
Chris Nilan,9644,688,110,115,225,0.327034884,0,1,1,0,0,0,0,2
Richard Park,5940,738,102,139,241,0.326558266,0,1,1,0,0,0,0,2
Taylor Pyatt,4773,859,140,140,280,0.325960419,0,1,1,0,0,0,1,2
Dave Lowry,8588,1084,164,187,351,0.323800738,0,1,1,1,0,0,0,2
Kyle Brodziak,3920,917,129,167,296,0.322791712,0,1,1,0,0,0,0,2
Mike Ramsey,9331,1070,79,266,345,0.322429907,0,1,1,1,0,0,1,2
Michal Rozsival,5568,963,68,241,309,0.320872274,0,1,1,0,0,0,0,2
Francois Beauchemin,5077,903,76,212,288,0.318936877,0,1,1,0,0,0,0,2
Rick Smith,10963,687,52,167,219,0.318777293,0,1,1,0,0,0,1,2
Paul Gaustad,4703,727,89,142,231,0.317744154,0,1,1,0,0,0,0,2
Brad Stuart,5011,1056,80,255,335,0.317234848,0,1,1,1,0,0,1,2
Derian Hatcher,6884,1045,80,251,331,0.316746411,0,1,1,1,0,0,1,2
Anton Stralman,3458,930,63,230,293,0.315053763,0,1,1,0,0,0,0,2
Kris Draper,7164,1157,161,203,364,0.314606742,0,1,1,1,0,0,0,2
Daniel Winnik,3706,798,82,169,251,0.314536341,0,1,1,0,0,0,0,2
Dominic Moore,4592,897,106,176,282,0.314381271,0,1,1,0,0,0,0,2
Jody Hull,7584,831,124,137,261,0.314079422,0,1,1,0,0,0,0,2
Brian Engblom,9949,659,29,177,206,0.312594841,0,1,1,0,0,0,0,2
Rick Green,9808,845,43,220,263,0.311242604,0,1,1,0,0,0,1,2
Ian Laperriere,6547,1083,121,215,336,0.310249307,0,1,1,1,0,0,0,2
Dan Hamhuis,4260,1148,59,297,356,0.31010453,0,1,1,1,0,0,1,2
Rob DiMaio,7674,894,106,171,277,0.3098434,0,1,1,0,0,0,0,2
Ethan Moreau,5908,928,147,140,287,0.309267241,0,1,1,0,0,0,1,2
Jordan Leopold,4806,695,67,147,214,0.307913669,0,1,1,0,0,0,0,2
Ulf Samuelsson,8771,1080,57,275,332,0.307407407,0,1,1,1,0,0,0,2
Jason Demers,2864,699,45,169,214,0.306151645,0,1,1,0,0,0,0,2
Chad Kilger,5692,714,107,111,218,0.305322129,0,1,1,0,0,0,1,2
Jack Johnson,3267,1024,72,240,312,0.3046875,0,1,1,1,0,0,1,2
Scott Thornton,7110,941,144,141,285,0.302869288,0,1,1,0,0,0,1,2
Fedor Tyutin,4286,872,55,209,264,0.302752294,0,1,1,0,0,0,0,2
Jason York,6994,757,42,187,229,0.302509908,0,1,1,0,0,0,0,2
Mike Eastwood,7649,783,87,149,236,0.301404853,0,1,1,0,0,0,0,2
Andre Dupont,10851,810,59,185,244,0.301234568,0,1,1,0,0,0,1,2
Andrej Sekera,3536,842,51,202,253,0.300475059,0,1,1,0,0,0,0,2
Tom Fitzgerald,7810,1097,139,190,329,0.299908842,0,1,1,1,0,0,0,2
Marc-Edouard Vlasic,3296,1161,76,270,346,0.298018949,0,1,1,1,0,0,0,2
Manny Malhotra,5015,991,116,179,295,0.297679112,0,1,1,0,0,0,1,2
Bill Houlder,8098,846,59,191,250,0.295508274,0,1,1,0,0,0,0,2
Shjon Podein,7487,699,100,106,206,0.294706724,0,1,1,0,0,0,0,2
Brad Richardson,3878,869,111,143,254,0.292289988,0,1,1,0,0,0,0,2
Jonas Brodin,2138,681,44,155,199,0.292217327,0,1,1,0,0,0,1,2
Dennis Seidenberg,4400,859,44,207,251,0.292200233,0,1,1,0,0,0,0,2
Trevor Daley,4029,1058,89,220,309,0.292060491,0,1,1,1,0,0,0,2
Maxime Talbot,4196,704,91,113,204,0.289772727,0,1,1,0,0,0,0,2
Travis Hamonic,2747,718,44,164,208,0.289693593,0,1,1,0,0,0,0,2
Brian Boyle,3754,871,141,111,252,0.289322618,0,1,1,0,0,0,0,2
Joe Sacco,7633,738,94,119,213,0.288617886,0,1,1,0,0,0,0,2
Bill Lindsay,6734,777,83,141,224,0.288288288,0,1,1,0,0,0,0,2
Kyle McLaren,5697,719,46,161,207,0.287899861,0,1,1,0,0,0,1,2
Dmitry Yushkevich,6750,786,43,182,225,0.286259542,0,1,1,0,0,0,0,2
Bill Hajt,10663,854,42,202,244,0.285714286,0,1,1,0,0,0,0,2
Toni Lydman,5552,847,36,206,242,0.285714286,0,1,1,0,0,0,0,2
Johnny Boychuk,4045,725,54,152,206,0.284137931,0,1,1,0,0,0,0,2
Bret Hedican,7517,1039,55,239,294,0.282964389,0,1,1,1,0,0,0,2
Zach Bogosian,2701,737,56,152,208,0.282225237,0,1,1,0,0,0,1,2
Cal Clutterbuck,3142,933,130,132,262,0.280814577,0,1,1,0,0,0,0,2
Kris Russell,3324,912,48,206,254,0.278508772,0,1,1,0,0,0,0,2
Jason Wiemer,5902,726,90,112,202,0.278236915,0,1,1,0,0,0,1,2
J.J. Daigneault,8266,899,53,197,250,0.278086763,0,1,1,0,0,0,1,2
Bob Corkum,7840,720,97,103,200,0.277777778,0,1,1,0,0,0,0,2
Brad May,6889,1041,127,161,288,0.276657061,0,1,1,1,0,0,1,2
Randy Moller,8951,815,45,180,225,0.27607362,0,1,1,0,0,0,1,2
Stephane Robidas,5833,937,57,201,258,0.275346852,0,1,1,0,0,0,0,2
Ron Hainsey,4516,1132,59,252,311,0.274734982,0,1,1,1,0,0,1,2
Curt Giles,9488,895,43,199,242,0.270391061,0,1,1,0,0,0,0,2
Brett Clark,5609,689,45,141,186,0.269956459,0,1,1,0,0,0,0,2
Jay McClement,4302,906,90,154,244,0.269315673,0,1,1,0,0,0,0,2
Eric Brewer,5247,1009,77,194,271,0.268582755,0,1,1,1,0,0,1,2
Terry Carkner,8270,858,42,188,230,0.268065268,0,1,1,0,0,0,1,2
Tommy Albelin,8625,952,44,211,255,0.267857143,0,1,1,0,0,0,0,2
Stephane Yelle,6574,991,96,169,265,0.26740666,0,1,1,0,0,0,0,2
Adam Foote,7128,1154,66,242,308,0.266897747,0,1,1,1,0,0,0,2
Steve Konroyd,9164,895,41,195,236,0.263687151,0,1,1,0,0,0,0,2
Arron Asham,5536,789,94,114,208,0.263624842,0,1,1,0,0,0,0,2
Kelly Buchberger,8196,1182,105,204,309,0.26142132,0,1,1,1,0,0,0,2
Mike Stapleton,8377,697,71,111,182,0.261119082,0,1,1,0,0,0,0,2
Lee Fogolin,10131,924,44,194,238,0.257575758,0,1,1,0,0,0,1,2
Craig Rivet,6465,923,50,187,237,0.256771398,0,1,1,0,0,0,0,2
Shean Donovan,6178,951,112,129,241,0.253417455,0,1,1,0,0,0,0,2
Martin Skoula,5023,776,44,152,196,0.25257732,0,1,1,0,0,0,0,2
David Shaw,8720,769,41,153,194,0.252275683,0,1,1,0,0,0,1,2
Jay Pandolfo,6180,899,100,126,226,0.251390434,0,1,1,0,0,0,0,2
Wayne Primeau,5910,774,69,125,194,0.250645995,0,1,1,0,0,0,0,2
Samuel Pahlsson,5627,798,68,131,199,0.249373434,0,1,1,0,0,0,0,2
Justin Braun,3069,791,34,163,197,0.249051833,0,1,1,0,0,0,0,2
Craig Wolanin,8030,695,40,133,173,0.248920863,0,1,1,0,0,0,1,2
Andrew Ference,5435,907,43,182,225,0.248070562,0,1,1,0,0,0,0,2
Dmitry Kulikov,2523,805,42,156,198,0.245962733,0,1,1,0,0,0,1,2
Don Sweeney,8409,1115,52,221,273,0.244843049,0,1,1,1,0,0,0,2
Chris Phillips,5471,1179,71,217,288,0.244274809,0,1,1,1,0,0,1,2
Chris Neil,5155,1026,112,138,250,0.243664717,0,1,1,1,0,0,0,2
Dana Murzyn,8032,838,52,152,204,0.243436754,0,1,1,0,0,0,1,2
Kirk Maltby,6462,1072,128,132,260,0.242537313,0,1,1,1,0,0,0,2
Tie Domi,7364,1020,104,141,245,0.240196078,0,1,1,1,0,0,0,2
Jay Wells,9336,1098,47,216,263,0.239526412,0,1,1,1,0,0,0,2
Jamal Mayers,6233,915,90,129,219,0.239344262,0,1,1,0,0,0,0,2
Tim Watters,9434,741,26,151,177,0.238866397,0,1,1,0,0,0,0,2
Lyle Odelein,7928,1056,50,202,252,0.238636364,0,1,1,1,0,0,0,2
Braydon Coburn,3736,983,49,185,234,0.238046796,0,1,1,0,0,0,1,2
Joel Quenneville,9457,803,54,136,190,0.236612702,0,1,1,0,0,0,0,2
Mike Rathje,6404,768,30,150,180,0.234375,0,1,1,0,0,0,1,2
Stephane Quintal,7580,1037,63,180,243,0.234329797,0,1,1,1,0,0,1,2
Mathieu Dandenault,5939,868,68,135,203,0.233870968,0,1,1,0,0,0,0,2
Trevor Lewis,3092,810,81,108,189,0.233333333,0,1,1,0,0,0,0,2
Gregory Campbell,4051,803,71,116,187,0.232876712,0,1,1,0,0,0,0,2
Tom Laidlaw,9523,705,25,139,164,0.232624113,0,1,1,0,0,0,0,2
Mike Eagles,9043,853,74,122,196,0.229777257,0,1,1,0,0,0,0,2
Garth Butcher,8950,897,48,158,206,0.229654404,0,1,1,0,0,0,1,2
Kjell Samuelsson,8364,813,48,138,186,0.228782288,0,1,1,0,0,0,0,2
Gerald Diduck,8502,932,56,156,212,0.227467811,0,1,1,0,0,0,0,2
Harold Snepsts,10178,1033,38,195,233,0.225556631,0,1,1,1,0,0,0,2
Keith Carney,7406,1018,45,183,228,0.223968566,0,1,1,1,0,0,0,2
Tim Taylor,7373,746,73,94,167,0.22386059,0,1,1,0,0,0,0,2
Richard Matvichuk,6649,796,39,139,178,0.22361809,0,1,1,0,0,0,1,2
Johnny Oduya,4441,850,41,149,190,0.223529412,0,1,1,0,0,0,0,2
Jordin Tootoo,4339,723,65,96,161,0.222683264,0,1,1,0,0,0,0,2
Ruslan Salei,5479,917,45,159,204,0.222464558,0,1,1,0,0,0,1,2
Dave Lewis,10372,1008,36,187,223,0.221230159,0,1,1,1,0,0,0,2
Steve Staios,6668,1001,56,164,220,0.21978022,0,1,1,1,0,0,0,2
Igor Ulanov,6823,739,27,135,162,0.219215156,0,1,1,0,0,0,0,2
Barret Jackman,4782,876,29,157,186,0.212328767,0,1,1,0,0,0,0,2
Marc Staal,3275,1019,49,165,214,0.210009814,0,1,1,1,0,0,1,2
Niklas Hjalmarsson,3363,821,25,147,172,0.209500609,0,1,1,0,0,0,0,2
Ken Klee,7038,934,55,140,195,0.208779443,0,1,1,0,0,0,0,2
Chris Therien,6920,764,29,130,159,0.208115183,0,1,1,0,0,0,0,2
Adam Burt,7602,737,37,115,152,0.20624152,0,1,1,0,0,0,0,2
Scott Hannan,5264,1055,38,179,217,0.205687204,0,1,1,1,0,0,0,2
Bob Rouse,8783,1061,37,181,218,0.205466541,0,1,1,1,0,0,0,2
Curtis Leschyshyn,7342,1033,47,165,212,0.205227493,0,1,1,1,0,0,1,2
Sandy McCarthy,6691,736,72,76,148,0.201086957,0,1,1,0,0,0,0,2
Fred Barrett,10759,745,25,123,148,0.198657718,0,1,1,0,0,0,0,2
Willie Mitchell,5649,907,34,146,180,0.19845645,0,1,1,0,0,0,0,2
Jeff Beukeboom,8505,804,30,129,159,0.197761194,0,1,1,0,0,0,0,2
Joe Kocur,8568,820,80,82,162,0.197560976,0,1,1,0,0,0,0,2
Bryan Marchment,7582,926,40,142,182,0.196544276,0,1,1,0,0,0,0,2
Luke Schenn,2703,863,38,131,169,0.195828505,0,1,1,0,0,0,1,2
Tim Gleason,4271,727,17,125,142,0.195323246,0,1,1,0,0,0,0,2
Nate Thompson,3896,844,65,99,164,0.194312796,0,1,1,0,0,0,0,2
Kyle Clifford,2543,751,66,77,143,0.190412783,0,1,1,0,0,0,0,2
Darius Kasparaitis,6406,863,27,136,163,0.188876014,0,1,1,0,0,0,1,2
Brooks Orpik,4521,1035,18,176,194,0.187439614,0,1,1,1,0,0,0,2
Sean O'Donnell,6751,1224,31,198,229,0.187091503,0,1,1,1,0,0,0,2
Robyn Regehr,5025,1089,36,163,199,0.182736455,0,1,1,1,0,0,0,2
Mattias Norstrom,6447,903,18,147,165,0.182724252,0,1,1,0,0,0,0,2
Matt Martin,2832,817,70,79,149,0.182374541,0,1,1,0,0,0,0,2
Brad Marsh,9447,1086,23,175,198,0.182320442,0,1,1,1,0,0,1,2
Travis Moen,4647,747,59,77,136,0.18206158,0,1,1,0,0,0,0,2
Joe Reekie,8135,902,25,139,164,0.181818182,0,1,1,0,0,0,0,2
Joe Reekie,8600,902,25,139,164,0.181818182,0,1,1,0,0,0,0,2
Aaron Ward,6646,839,44,107,151,0.179976162,0,1,1,0,0,0,1,2
Craig Muni,9152,819,28,119,147,0.179487179,0,1,1,0,0,0,0,2
Kris King,8331,849,66,85,151,0.177856302,0,1,1,0,0,0,0,2
Craig Ludwig,9186,1256,38,184,222,0.176751592,0,1,1,1,0,0,0,2
Frantisek Musil,8524,797,34,106,140,0.17565872,0,1,1,0,0,0,0,2
Scott Lachance,6645,819,31,112,143,0.174603175,0,1,1,0,0,0,1,2
Roman Polak,3637,806,26,114,140,0.17369727,0,1,1,0,0,0,0,2
Tim Hunter,9371,815,62,76,138,0.169325153,0,1,1,0,0,0,0,2
Craig Adams,5670,951,55,105,160,0.168243954,0,1,1,0,0,0,0,2
Jason Smith,6419,1008,41,128,169,0.16765873,0,1,1,1,0,0,0,2
Chris Thorburn,4296,801,53,81,134,0.167290886,0,1,1,0,0,0,0,2
Hal Gill,6336,1108,36,148,184,0.166064982,0,1,1,1,0,0,0,2
Nick Schultz,4536,1069,30,145,175,0.163704397,0,1,1,1,0,0,0,2
Karlis Skrastins,5217,832,32,104,136,0.163461538,0,1,1,0,0,0,0,2
Cory Sarich,5496,969,21,137,158,0.163054696,0,1,1,0,0,0,0,2
Colin White,5517,797,21,108,129,0.161856964,0,1,1,0,0,0,0,2
Jay McKee,5701,802,21,104,125,0.155860349,0,1,1,0,0,0,1,2
Marc Bergevin,8544,1191,36,145,181,0.151973132,0,1,1,1,0,0,0,2
Luke Richardson,7574,1417,35,166,201,0.141848977,0,1,1,1,0,0,1,2
Rob Scuderi,5129,783,8,102,110,0.140485313,0,1,1,0,0,0,0,2
Bryce Salvador,6024,786,24,86,110,0.139949109,0,1,1,0,0,0,0,2
Ken Daneyko,8725,1283,36,142,178,0.138737334,0,1,1,1,0,0,0,2
Jassen Cullimore,6670,812,26,85,111,0.136699507,0,1,1,0,0,0,0,2
Brendan Witt,6161,890,25,96,121,0.135955056,0,1,1,0,0,0,1,2
Murray Baron,7952,988,35,94,129,0.130566802,0,1,1,0,0,0,0,2
Jim McKenzie,7174,880,48,52,100,0.113636364,0,1,1,0,0,0,0,2
Rob Ray,7426,900,41,50,91,0.101111111,0,1,1,0,0,0,0,2
